{
    "reactionRole": 
    {
    "794633192945483837": 
    {
        "emojis": [{
          "id": "773164670814519306",
          "roles": "794634708541112320"          
          }]
    },
    
    "792172532526350357": 
    {
        "emojis": [{
          "name": "🎲",
          "roles": "789596583200948225"          
          }, {
          "name": "🎥",
          "roles": "789596702566383626"          
          }, {
          "name": "🎨",
          "roles": "789263457793998888"          
          }, {
          "name": "🎹",
          "roles": "789263844881989672"          
          }, {
          "name": "📄",
          "roles": "789263941712609310"          
          }]
    },
    "792169692856844338": 
    {
         "emojis": [{
           "name": "💫",
           "roles": "713177479761625110"           
           }, {
           "name": "🎉",
           "roles": "713177582593507380"           
           }, {
           "name": "📣",
           "roles": "713177544026751076"           
           }]           
    }           
    }
}